,Sales Person,Product,Amount,Boxes Shipped,CountBoxesChocolate,month,day,Country
0,16.0,17.0,5320.0,180.0,29.555555555555557,1.0,4.0,UK
1,2.0,14.0,7896.0,94.0,84.0,8.0,1.0,India
2,5.0,9.0,4501.0,91.0,49.46153846153846,7.0,7.0,India
3,19.0,9.0,12726.0,342.0,37.21052631578947,4.0,27.0,Australia
4,16.0,9.0,13685.0,184.0,74.375,2.0,24.0,UK
5,2.0,3.0,5376.0,38.0,141.47368421052633,6.0,6.0,India
6,6.0,12.0,13685.0,176.0,77.75568181818181,1.0,25.0,UK
7,15.0,7.0,3080.0,73.0,42.19178082191781,3.0,24.0,Australia
8,16.0,2.0,3990.0,59.0,67.62711864406779,4.0,20.0,New Zealand
9,0.0,12.0,2835.0,102.0,27.794117647058822,7.0,4.0,Australia
10,22.0,3.0,4704.0,62.0,75.87096774193549,1.0,13.0,UK
11,14.0,15.0,3703.0,11.0,336.6363636363636,3.0,10.0,USA
12,17.0,1.0,1442.0,286.0,5.041958041958042,1.0,13.0,Canada
13,7.0,4.0,168.0,156.0,1.0769230769230769,7.0,28.0,New Zealand
14,12.0,9.0,8379.0,173.0,48.433526011560694,8.0,3.0,New Zealand
15,4.0,5.0,6790.0,356.0,19.073033707865168,1.0,26.0,Australia
16,2.0,5.0,4067.0,42.0,96.83333333333333,2.0,14.0,Canada
17,10.0,3.0,3017.0,140.0,21.55,4.0,5.0,USA
18,4.0,13.0,8799.0,250.0,35.196,2.0,16.0,Canada
19,8.0,14.0,1085.0,172.0,6.308139534883721,6.0,8.0,UK
20,0.0,1.0,6888.0,88.0,78.27272727272727,6.0,27.0,Australia
21,15.0,6.0,1267.0,157.0,8.070063694267516,2.0,17.0,USA
22,12.0,7.0,4753.0,163.0,29.15950920245399,5.0,30.0,USA
23,20.0,4.0,3003.0,113.0,26.575221238938052,3.0,14.0,UK
24,11.0,1.0,7672.0,115.0,66.71304347826087,2.0,28.0,Australia
25,7.0,8.0,168.0,321.0,0.5233644859813084,1.0,26.0,India
26,10.0,6.0,1652.0,186.0,8.881720430107526,2.0,9.0,Canada
27,20.0,1.0,4025.0,112.0,35.9375,7.0,7.0,USA
28,9.0,0.0,9492.0,151.0,62.86092715231788,7.0,5.0,New Zealand
29,9.0,16.0,5061.0,301.0,16.813953488372093,6.0,15.0,New Zealand
30,2.0,14.0,1722.0,121.0,14.231404958677686,5.0,24.0,New Zealand
31,22.0,12.0,12446.0,150.0,82.97333333333333,6.0,29.0,UK
32,23.0,16.0,4284.0,94.0,45.57446808510638,5.0,11.0,Australia
33,7.0,11.0,6839.0,133.0,51.421052631578945,6.0,30.0,UK
34,18.0,7.0,2163.0,70.0,30.9,5.0,11.0,Canada
35,10.0,16.0,9583.0,315.0,30.42222222222222,7.0,22.0,USA
36,18.0,2.0,2653.0,314.0,8.449044585987261,8.0,24.0,UK
37,1.0,7.0,147.0,72.0,2.0416666666666665,7.0,7.0,New Zealand
38,24.0,14.0,3654.0,14.0,261.0,5.0,19.0,Australia
39,1.0,7.0,938.0,16.0,58.625,6.0,2.0,USA
40,7.0,10.0,14749.0,354.0,41.663841807909606,4.0,15.0,USA
41,17.0,19.0,4781.0,241.0,19.83817427385892,7.0,11.0,Canada
42,18.0,6.0,6307.0,142.0,44.41549295774648,2.0,23.0,India
43,13.0,11.0,7602.0,102.0,74.52941176470588,8.0,22.0,Canada
44,11.0,9.0,6790.0,188.0,36.11702127659574,2.0,16.0,USA
45,2.0,2.0,9737.0,160.0,60.85625,1.0,13.0,USA
46,8.0,13.0,6979.0,18.0,387.72222222222223,2.0,14.0,Australia
47,10.0,1.0,4382.0,303.0,14.462046204620462,6.0,10.0,India
48,8.0,8.0,5243.0,176.0,29.789772727272727,7.0,7.0,India
49,8.0,11.0,4865.0,70.0,69.5,3.0,24.0,Canada
50,0.0,8.0,8575.0,23.0,372.82608695652175,6.0,6.0,Australia
51,21.0,4.0,91.0,135.0,0.674074074074074,7.0,19.0,Australia
52,4.0,10.0,14798.0,83.0,178.289156626506,4.0,19.0,USA
53,12.0,14.0,2205.0,179.0,12.318435754189943,7.0,19.0,India
54,16.0,4.0,441.0,24.0,18.375,7.0,15.0,Canada
55,3.0,6.0,3556.0,18.0,197.55555555555554,2.0,14.0,New Zealand
56,14.0,8.0,15421.0,55.0,280.3818181818182,6.0,30.0,Australia
57,18.0,2.0,4438.0,227.0,19.550660792951543,6.0,2.0,Australia
58,18.0,4.0,1603.0,48.0,33.395833333333336,6.0,28.0,Australia
59,12.0,5.0,273.0,174.0,1.5689655172413792,5.0,16.0,Australia
60,1.0,20.0,3073.0,302.0,10.175496688741722,5.0,26.0,Canada
61,7.0,11.0,6090.0,149.0,40.87248322147651,7.0,6.0,India
62,6.0,12.0,10255.0,11.0,932.2727272727273,5.0,27.0,India
63,23.0,21.0,2030.0,11.0,184.54545454545453,4.0,14.0,Australia
64,2.0,5.0,19453.0,14.0,1389.5,8.0,10.0,Australia
65,6.0,5.0,6181.0,56.0,110.375,7.0,8.0,India
66,19.0,9.0,9037.0,102.0,88.59803921568627,7.0,22.0,USA
67,5.0,19.0,12313.0,103.0,119.54368932038835,3.0,2.0,USA
68,5.0,11.0,5642.0,9.0,626.8888888888889,1.0,10.0,UK
69,16.0,0.0,2800.0,241.0,11.618257261410788,3.0,11.0,New Zealand
70,18.0,9.0,959.0,265.0,3.6188679245283017,6.0,20.0,New Zealand
71,2.0,5.0,2002.0,214.0,9.355140186915888,8.0,26.0,UK
72,10.0,13.0,609.0,32.0,19.03125,7.0,13.0,Canada
73,24.0,6.0,1274.0,244.0,5.221311475409836,2.0,11.0,USA
74,12.0,15.0,7595.0,181.0,41.96132596685083,1.0,27.0,USA
75,2.0,12.0,4725.0,137.0,34.48905109489051,1.0,31.0,UK
76,24.0,0.0,9681.0,24.0,403.375,8.0,18.0,USA
77,18.0,10.0,14504.0,21.0,690.6666666666666,6.0,30.0,USA
78,21.0,8.0,280.0,311.0,0.9003215434083601,8.0,23.0,Australia
79,0.0,17.0,63.0,181.0,0.34806629834254144,8.0,1.0,New Zealand
80,10.0,7.0,8001.0,10.0,800.1,5.0,25.0,New Zealand
81,10.0,5.0,4032.0,82.0,49.170731707317074,1.0,10.0,Canada
82,9.0,18.0,5859.0,108.0,54.25,2.0,7.0,Australia
83,7.0,15.0,11095.0,401.0,27.668329177057355,5.0,12.0,USA
84,18.0,21.0,7154.0,348.0,20.557471264367816,1.0,3.0,Canada
85,9.0,1.0,6188.0,270.0,22.918518518518518,3.0,24.0,UK
86,13.0,10.0,4221.0,9.0,469.0,7.0,7.0,India
87,2.0,7.0,630.0,264.0,2.3863636363636362,7.0,26.0,USA
88,23.0,5.0,1743.0,111.0,15.702702702702704,7.0,7.0,Australia
89,7.0,2.0,2919.0,65.0,44.90769230769231,7.0,15.0,Canada
90,10.0,15.0,49.0,97.0,0.5051546391752577,4.0,1.0,New Zealand
91,4.0,1.0,1827.0,6.0,304.5,6.0,20.0,Australia
92,12.0,2.0,1064.0,106.0,10.037735849056604,6.0,15.0,USA
93,20.0,7.0,11571.0,180.0,64.28333333333333,4.0,8.0,USA
94,9.0,10.0,5740.0,31.0,185.16129032258064,3.0,14.0,Australia
95,18.0,8.0,1456.0,359.0,4.055710306406685,7.0,15.0,USA
96,1.0,1.0,5334.0,80.0,66.675,4.0,19.0,India
97,12.0,12.0,4151.0,296.0,14.02364864864865,3.0,28.0,USA
98,0.0,6.0,8106.0,101.0,80.25742574257426,3.0,4.0,Canada
99,7.0,18.0,126.0,40.0,3.15,8.0,2.0,New Zealand
100,20.0,6.0,4697.0,42.0,111.83333333333333,8.0,25.0,UK
101,12.0,11.0,7798.0,167.0,46.69461077844311,2.0,25.0,USA
102,1.0,15.0,9408.0,138.0,68.17391304347827,6.0,7.0,India
103,3.0,6.0,10906.0,94.0,116.02127659574468,7.0,6.0,India
104,1.0,3.0,5929.0,175.0,33.88,1.0,19.0,UK
105,13.0,8.0,5579.0,92.0,60.641304347826086,1.0,5.0,Australia
106,13.0,18.0,10927.0,141.0,77.49645390070921,1.0,24.0,Canada
107,23.0,4.0,623.0,283.0,2.2014134275618376,4.0,6.0,Australia
108,15.0,8.0,6013.0,21.0,286.3333333333333,6.0,15.0,Australia
109,5.0,20.0,1505.0,47.0,32.02127659574468,1.0,28.0,Canada
110,1.0,21.0,476.0,125.0,3.808,3.0,16.0,India
111,22.0,4.0,11550.0,396.0,29.166666666666668,2.0,21.0,Australia
112,1.0,16.0,17318.0,87.0,199.05747126436782,2.0,16.0,USA
113,16.0,6.0,1848.0,27.0,68.44444444444444,1.0,13.0,Canada
114,8.0,6.0,854.0,118.0,7.237288135593221,6.0,16.0,Canada
115,6.0,10.0,6832.0,46.0,148.52173913043478,4.0,14.0,India
116,1.0,1.0,4606.0,57.0,80.80701754385964,1.0,25.0,UK
117,19.0,11.0,4466.0,22.0,203.0,3.0,11.0,India
118,21.0,11.0,16114.0,96.0,167.85416666666666,7.0,28.0,UK
119,12.0,7.0,1561.0,44.0,35.47727272727273,3.0,9.0,New Zealand
120,20.0,15.0,8897.0,188.0,47.32446808510638,6.0,28.0,Australia
121,12.0,13.0,2464.0,387.0,6.366925064599483,7.0,28.0,Australia
122,1.0,12.0,4830.0,50.0,96.6,8.0,15.0,Canada
123,11.0,16.0,2765.0,264.0,10.473484848484848,1.0,12.0,Australia
124,4.0,0.0,7126.0,7.0,1018.0,3.0,24.0,New Zealand
125,2.0,13.0,4263.0,90.0,47.36666666666667,7.0,25.0,UK
126,6.0,12.0,3605.0,403.0,8.945409429280398,8.0,1.0,Canada
127,2.0,5.0,19929.0,174.0,114.53448275862068,5.0,16.0,India
128,10.0,3.0,5103.0,140.0,36.45,8.0,10.0,India
129,19.0,1.0,2541.0,27.0,94.11111111111111,1.0,5.0,India
130,3.0,3.0,5663.0,110.0,51.481818181818184,7.0,11.0,UK
131,23.0,7.0,392.0,30.0,13.066666666666666,4.0,25.0,USA
132,5.0,8.0,10976.0,121.0,90.7107438016529,4.0,4.0,New Zealand
133,14.0,10.0,9282.0,101.0,91.9009900990099,4.0,12.0,USA
134,23.0,14.0,1827.0,117.0,15.615384615384615,8.0,2.0,New Zealand
135,5.0,16.0,8267.0,272.0,30.393382352941178,6.0,28.0,New Zealand
136,3.0,1.0,4116.0,128.0,32.15625,7.0,5.0,Australia
137,22.0,19.0,2093.0,45.0,46.51111111111111,6.0,7.0,New Zealand
138,0.0,3.0,1015.0,27.0,37.592592592592595,1.0,18.0,New Zealand
139,0.0,20.0,12516.0,212.0,59.0377358490566,1.0,4.0,Australia
140,9.0,12.0,2758.0,18.0,153.22222222222223,1.0,31.0,Australia
141,1.0,11.0,3297.0,149.0,22.12751677852349,3.0,14.0,India
142,6.0,3.0,10101.0,108.0,93.52777777777777,2.0,7.0,India
143,11.0,5.0,2282.0,178.0,12.820224719101123,3.0,31.0,UK
144,12.0,21.0,4361.0,81.0,53.839506172839506,3.0,16.0,India
145,7.0,1.0,7798.0,196.0,39.785714285714285,1.0,25.0,UK
146,5.0,7.0,8029.0,175.0,45.88,3.0,29.0,UK
147,8.0,15.0,854.0,136.0,6.279411764705882,7.0,12.0,Australia
148,16.0,3.0,5460.0,138.0,39.56521739130435,7.0,11.0,Canada
149,7.0,3.0,3017.0,184.0,16.39673913043478,1.0,19.0,Canada
150,18.0,14.0,8911.0,82.0,108.67073170731707,4.0,5.0,USA
151,16.0,13.0,7203.0,12.0,600.25,2.0,21.0,Canada
152,22.0,21.0,13083.0,14.0,934.5,5.0,20.0,New Zealand
153,17.0,13.0,2779.0,104.0,26.721153846153847,7.0,29.0,Australia
154,14.0,8.0,9058.0,46.0,196.91304347826087,1.0,28.0,USA
155,12.0,21.0,3549.0,112.0,31.6875,7.0,19.0,UK
156,17.0,16.0,9436.0,11.0,857.8181818181819,4.0,13.0,New Zealand
157,10.0,9.0,10283.0,21.0,489.6666666666667,2.0,11.0,India
158,10.0,13.0,5446.0,116.0,46.94827586206897,3.0,2.0,New Zealand
159,3.0,0.0,1043.0,202.0,5.163366336633663,3.0,2.0,Australia
160,2.0,12.0,12586.0,6.0,2097.6666666666665,7.0,28.0,USA
161,0.0,0.0,5299.0,167.0,31.730538922155688,4.0,12.0,UK
162,2.0,11.0,3213.0,72.0,44.625,6.0,27.0,Canada
163,7.0,20.0,4753.0,389.0,12.218508997429305,2.0,7.0,UK
164,16.0,15.0,13706.0,26.0,527.1538461538462,3.0,23.0,Australia
165,12.0,9.0,6489.0,146.0,44.445205479452056,1.0,10.0,India
166,6.0,19.0,9324.0,41.0,227.41463414634146,3.0,17.0,UK
167,5.0,6.0,10829.0,54.0,200.53703703703704,1.0,21.0,USA
168,14.0,0.0,8113.0,370.0,21.927027027027027,7.0,4.0,Australia
169,11.0,9.0,3269.0,176.0,18.573863636363637,7.0,4.0,Canada
170,21.0,16.0,273.0,210.0,1.3,8.0,10.0,USA
171,9.0,2.0,7287.0,12.0,607.25,4.0,1.0,Australia
172,5.0,10.0,2583.0,159.0,16.245283018867923,2.0,22.0,India
173,24.0,0.0,9982.0,187.0,53.37967914438503,1.0,3.0,UK
174,7.0,4.0,4795.0,233.0,20.5793991416309,5.0,31.0,India
175,21.0,12.0,9310.0,282.0,33.01418439716312,1.0,3.0,UK
176,14.0,2.0,581.0,65.0,8.938461538461539,1.0,28.0,UK
177,8.0,5.0,3472.0,311.0,11.163987138263666,6.0,28.0,Australia
178,20.0,19.0,4333.0,43.0,100.76744186046511,3.0,2.0,UK
179,23.0,7.0,3325.0,26.0,127.88461538461539,5.0,27.0,Australia
180,9.0,11.0,11718.0,84.0,139.5,6.0,30.0,USA
181,14.0,9.0,2100.0,78.0,26.923076923076923,6.0,7.0,Canada
182,11.0,18.0,4018.0,100.0,40.18,5.0,12.0,USA
183,14.0,10.0,6468.0,66.0,98.0,7.0,29.0,New Zealand
184,9.0,0.0,7238.0,265.0,27.31320754716981,8.0,3.0,UK
185,14.0,20.0,6454.0,141.0,45.773049645390074,8.0,18.0,India
186,2.0,3.0,3115.0,42.0,74.16666666666667,6.0,14.0,New Zealand
187,4.0,0.0,6475.0,76.0,85.19736842105263,6.0,30.0,UK
188,24.0,17.0,1162.0,190.0,6.11578947368421,6.0,13.0,New Zealand
189,3.0,15.0,14238.0,54.0,263.6666666666667,4.0,27.0,UK
190,19.0,0.0,3472.0,32.0,108.5,7.0,27.0,Australia
191,22.0,6.0,8064.0,134.0,60.17910447761194,1.0,4.0,India
192,3.0,17.0,9660.0,92.0,105.0,2.0,21.0,Australia
193,7.0,0.0,7357.0,48.0,153.27083333333334,1.0,5.0,Australia
194,4.0,4.0,6055.0,46.0,131.6304347826087,7.0,15.0,India
195,0.0,19.0,5124.0,62.0,82.64516129032258,5.0,25.0,Australia
196,7.0,1.0,3479.0,358.0,9.717877094972067,4.0,20.0,Canada
197,5.0,12.0,784.0,249.0,3.1485943775100402,6.0,2.0,USA
198,12.0,3.0,18991.0,88.0,215.8068181818182,5.0,13.0,UK
199,4.0,20.0,1372.0,144.0,9.527777777777779,8.0,3.0,New Zealand
200,4.0,13.0,735.0,390.0,1.8846153846153846,5.0,25.0,Australia
201,2.0,10.0,6538.0,79.0,82.75949367088607,3.0,16.0,UK
202,19.0,15.0,3199.0,122.0,26.221311475409838,7.0,4.0,Australia
203,16.0,2.0,3472.0,135.0,25.71851851851852,7.0,5.0,India
204,14.0,10.0,5481.0,69.0,79.43478260869566,8.0,22.0,UK
205,3.0,18.0,3136.0,125.0,25.088,1.0,12.0,Australia
206,12.0,20.0,252.0,154.0,1.6363636363636365,6.0,10.0,UK
207,11.0,9.0,5460.0,286.0,19.09090909090909,3.0,25.0,Australia
208,22.0,11.0,3395.0,99.0,34.292929292929294,7.0,27.0,India
209,10.0,15.0,4053.0,19.0,213.31578947368422,6.0,27.0,India
210,16.0,18.0,5565.0,258.0,21.569767441860463,4.0,14.0,UK
211,20.0,16.0,7161.0,92.0,77.83695652173913,3.0,15.0,Australia
212,13.0,1.0,8883.0,200.0,44.415,3.0,18.0,USA
213,0.0,1.0,1351.0,61.0,22.147540983606557,4.0,29.0,India
214,17.0,0.0,3171.0,246.0,12.890243902439025,2.0,25.0,New Zealand
215,20.0,13.0,854.0,56.0,15.25,3.0,2.0,USA
216,2.0,13.0,7910.0,87.0,90.91954022988506,6.0,20.0,Australia
217,4.0,0.0,9275.0,173.0,53.61271676300578,7.0,15.0,Canada
218,21.0,2.0,3108.0,252.0,12.333333333333334,5.0,12.0,Australia
219,17.0,5.0,5075.0,256.0,19.82421875,7.0,1.0,New Zealand
220,20.0,14.0,378.0,54.0,7.0,8.0,8.0,USA
221,13.0,2.0,7350.0,6.0,1225.0,7.0,25.0,Australia
222,23.0,4.0,3388.0,55.0,61.6,5.0,18.0,UK
223,24.0,9.0,11837.0,277.0,42.73285198555957,7.0,15.0,India
224,8.0,18.0,2282.0,44.0,51.86363636363637,7.0,5.0,India
225,17.0,16.0,5425.0,96.0,56.510416666666664,7.0,4.0,USA
226,21.0,18.0,1267.0,216.0,5.8657407407407405,6.0,20.0,UK
227,11.0,6.0,7728.0,37.0,208.86486486486487,7.0,1.0,New Zealand
228,5.0,2.0,2296.0,59.0,38.91525423728814,4.0,13.0,USA
229,4.0,3.0,4403.0,76.0,57.93421052631579,5.0,4.0,UK
230,4.0,20.0,3192.0,109.0,29.28440366972477,8.0,4.0,Australia
231,4.0,18.0,448.0,146.0,3.0684931506849313,6.0,1.0,India
232,16.0,19.0,4270.0,185.0,23.08108108108108,4.0,22.0,UK
233,11.0,2.0,70.0,27.0,2.5925925925925926,8.0,3.0,USA
234,3.0,15.0,1743.0,69.0,25.26086956521739,6.0,10.0,USA
235,15.0,16.0,6762.0,46.0,147.0,6.0,27.0,UK
236,12.0,3.0,3745.0,170.0,22.029411764705884,1.0,3.0,Australia
237,12.0,7.0,2639.0,179.0,14.743016759776536,7.0,11.0,India
238,3.0,13.0,4389.0,126.0,34.833333333333336,8.0,17.0,New Zealand
239,22.0,8.0,2604.0,65.0,40.06153846153846,1.0,18.0,USA
240,3.0,5.0,16569.0,99.0,167.36363636363637,3.0,8.0,India
241,17.0,15.0,14658.0,275.0,53.301818181818184,3.0,7.0,Australia
242,20.0,18.0,6454.0,157.0,41.10828025477707,5.0,9.0,India
243,14.0,14.0,2100.0,157.0,13.375796178343949,5.0,23.0,New Zealand
244,13.0,21.0,161.0,145.0,1.110344827586207,4.0,15.0,UK
245,5.0,4.0,2807.0,139.0,20.194244604316548,7.0,27.0,Australia
246,3.0,18.0,4571.0,122.0,37.467213114754095,5.0,11.0,USA
247,13.0,5.0,4781.0,38.0,125.8157894736842,1.0,26.0,India
248,14.0,2.0,13034.0,117.0,111.4017094017094,4.0,14.0,USA
249,12.0,3.0,8484.0,57.0,148.8421052631579,6.0,14.0,New Zealand
250,0.0,11.0,4781.0,125.0,38.248,4.0,13.0,Canada
251,4.0,0.0,2240.0,166.0,13.493975903614459,6.0,27.0,Australia
252,21.0,1.0,6979.0,3.0,2326.3333333333335,1.0,26.0,Australia
253,14.0,0.0,1652.0,72.0,22.944444444444443,7.0,5.0,UK
254,4.0,20.0,13447.0,95.0,141.54736842105262,1.0,11.0,Canada
255,1.0,0.0,9422.0,22.0,428.27272727272725,3.0,7.0,USA
256,11.0,2.0,8687.0,100.0,86.87,3.0,4.0,Canada
257,7.0,5.0,2415.0,312.0,7.740384615384615,7.0,15.0,Canada
258,11.0,9.0,6272.0,86.0,72.93023255813954,5.0,11.0,UK
259,7.0,13.0,4389.0,7.0,627.0,1.0,27.0,USA
260,7.0,15.0,3122.0,149.0,20.953020134228186,6.0,27.0,India
261,3.0,3.0,8043.0,18.0,446.8333333333333,8.0,3.0,India
262,23.0,17.0,11662.0,242.0,48.1900826446281,8.0,19.0,New Zealand
263,23.0,8.0,392.0,102.0,3.843137254901961,6.0,15.0,Australia
264,9.0,9.0,8925.0,158.0,56.4873417721519,2.0,7.0,UK
265,7.0,11.0,7294.0,128.0,56.984375,7.0,8.0,Australia
266,9.0,13.0,1526.0,96.0,15.895833333333334,4.0,21.0,India
267,3.0,17.0,2688.0,209.0,12.861244019138756,4.0,8.0,UK
268,20.0,2.0,14889.0,52.0,286.3269230769231,8.0,19.0,Australia
269,19.0,8.0,2912.0,55.0,52.945454545454545,5.0,4.0,India
270,17.0,14.0,2632.0,108.0,24.37037037037037,5.0,11.0,USA
271,17.0,1.0,6328.0,51.0,124.07843137254902,3.0,22.0,USA
272,9.0,6.0,2527.0,216.0,11.699074074074074,8.0,10.0,Canada
273,9.0,8.0,1414.0,318.0,4.446540880503145,5.0,4.0,USA
274,1.0,12.0,7714.0,238.0,32.411764705882355,8.0,18.0,USA
275,21.0,10.0,4347.0,238.0,18.264705882352942,8.0,3.0,Canada
276,12.0,13.0,7490.0,315.0,23.77777777777778,1.0,14.0,New Zealand
277,13.0,19.0,2058.0,72.0,28.583333333333332,4.0,8.0,Australia
278,1.0,15.0,3640.0,3.0,1213.3333333333333,8.0,1.0,UK
279,9.0,1.0,455.0,45.0,10.11111111111111,3.0,15.0,Canada
280,7.0,17.0,10990.0,184.0,59.72826086956522,7.0,15.0,India
281,14.0,11.0,5558.0,127.0,43.76377952755905,1.0,13.0,New Zealand
282,17.0,14.0,2541.0,53.0,47.943396226415096,8.0,26.0,Australia
283,3.0,1.0,1876.0,172.0,10.906976744186046,1.0,10.0,Canada
284,5.0,0.0,5523.0,87.0,63.48275862068966,5.0,11.0,Australia
285,4.0,14.0,11200.0,22.0,509.09090909090907,8.0,30.0,New Zealand
286,11.0,21.0,5593.0,122.0,45.84426229508197,7.0,21.0,USA
287,17.0,11.0,7882.0,125.0,63.056,8.0,1.0,Australia
288,0.0,14.0,10241.0,259.0,39.54054054054054,2.0,17.0,Canada
289,0.0,4.0,6832.0,156.0,43.794871794871796,7.0,27.0,Australia
290,21.0,15.0,1379.0,107.0,12.88785046728972,2.0,23.0,USA
291,22.0,2.0,3010.0,40.0,75.25,3.0,22.0,Australia
292,9.0,12.0,6888.0,311.0,22.14790996784566,6.0,23.0,India
293,8.0,0.0,1540.0,73.0,21.095890410958905,2.0,1.0,UK
294,1.0,7.0,6916.0,288.0,24.01388888888889,3.0,2.0,Australia
295,5.0,8.0,1232.0,86.0,14.325581395348838,4.0,6.0,UK
296,15.0,10.0,602.0,72.0,8.36111111111111,3.0,17.0,Australia
297,8.0,8.0,10927.0,136.0,80.34558823529412,6.0,24.0,UK
298,14.0,2.0,10185.0,303.0,33.613861386138616,7.0,19.0,Canada
299,8.0,6.0,1603.0,264.0,6.071969696969697,7.0,11.0,USA
300,0.0,11.0,2170.0,218.0,9.954128440366972,1.0,13.0,India
301,6.0,3.0,8673.0,60.0,144.55,7.0,7.0,New Zealand
302,12.0,8.0,4753.0,151.0,31.47682119205298,4.0,13.0,India
303,18.0,2.0,3374.0,202.0,16.702970297029704,3.0,2.0,New Zealand
304,15.0,10.0,2058.0,126.0,16.333333333333332,6.0,23.0,Canada
305,1.0,4.0,6454.0,160.0,40.3375,7.0,26.0,USA
306,2.0,0.0,420.0,3.0,140.0,3.0,22.0,Canada
307,22.0,20.0,2863.0,58.0,49.36206896551724,6.0,9.0,USA
308,2.0,21.0,5936.0,59.0,100.61016949152543,5.0,17.0,Australia
309,3.0,9.0,889.0,273.0,3.2564102564102564,3.0,4.0,New Zealand
310,1.0,13.0,16016.0,28.0,572.0,7.0,7.0,Canada
311,9.0,19.0,10479.0,118.0,88.80508474576271,1.0,13.0,Canada
312,8.0,11.0,2912.0,75.0,38.82666666666667,7.0,13.0,Australia
313,13.0,14.0,1575.0,329.0,4.787234042553192,6.0,16.0,Australia
314,5.0,2.0,8197.0,69.0,118.79710144927536,7.0,18.0,UK
315,3.0,16.0,4221.0,395.0,10.686075949367089,5.0,30.0,UK
316,5.0,18.0,840.0,81.0,10.37037037037037,6.0,21.0,UK
317,16.0,9.0,5691.0,38.0,149.76315789473685,6.0,24.0,Australia
318,12.0,1.0,3472.0,96.0,36.166666666666664,1.0,13.0,India
319,8.0,8.0,4193.0,195.0,21.502564102564104,4.0,4.0,Canada
320,7.0,6.0,6328.0,47.0,134.63829787234042,8.0,2.0,Canada
321,1.0,5.0,9870.0,152.0,64.9342105263158,7.0,21.0,USA
322,8.0,6.0,161.0,134.0,1.2014925373134329,6.0,20.0,India
323,10.0,7.0,2576.0,112.0,23.0,6.0,22.0,India
324,24.0,21.0,3178.0,16.0,198.625,5.0,2.0,Australia
325,8.0,12.0,4676.0,84.0,55.666666666666664,1.0,7.0,Australia
326,17.0,2.0,5502.0,99.0,55.57575757575758,2.0,21.0,UK
327,3.0,20.0,7462.0,371.0,20.11320754716981,3.0,21.0,Canada
328,2.0,4.0,5803.0,136.0,42.669117647058826,4.0,4.0,UK
329,15.0,8.0,13888.0,203.0,68.41379310344827,3.0,24.0,Canada
330,15.0,6.0,6867.0,183.0,37.52459016393443,6.0,28.0,New Zealand
331,15.0,4.0,2317.0,195.0,11.882051282051282,1.0,14.0,Australia
332,7.0,8.0,1218.0,135.0,9.022222222222222,2.0,7.0,New Zealand
333,9.0,4.0,4109.0,197.0,20.85786802030457,1.0,11.0,New Zealand
334,16.0,12.0,1953.0,242.0,8.070247933884298,2.0,25.0,India
335,21.0,17.0,6790.0,25.0,271.6,8.0,1.0,Australia
336,10.0,17.0,6797.0,252.0,26.97222222222222,5.0,5.0,Australia
337,21.0,19.0,5733.0,348.0,16.474137931034484,1.0,4.0,New Zealand
338,10.0,2.0,4312.0,211.0,20.436018957345972,5.0,9.0,New Zealand
339,22.0,3.0,1638.0,81.0,20.22222222222222,5.0,6.0,India
340,20.0,0.0,10815.0,145.0,74.58620689655173,1.0,13.0,UK
341,10.0,11.0,4466.0,74.0,60.351351351351354,6.0,24.0,Australia
342,2.0,21.0,987.0,21.0,47.0,2.0,14.0,USA
343,24.0,12.0,4669.0,101.0,46.227722772277225,1.0,18.0,Australia
344,11.0,13.0,2905.0,91.0,31.923076923076923,5.0,2.0,India
345,3.0,3.0,7490.0,54.0,138.7037037037037,5.0,16.0,Australia
346,17.0,11.0,6986.0,368.0,18.983695652173914,1.0,28.0,USA
347,6.0,7.0,2345.0,104.0,22.548076923076923,7.0,18.0,UK
348,15.0,1.0,3619.0,164.0,22.067073170731707,4.0,13.0,UK
349,21.0,21.0,16982.0,76.0,223.44736842105263,4.0,15.0,USA
350,19.0,9.0,8092.0,178.0,45.46067415730337,1.0,4.0,India
351,20.0,1.0,6993.0,31.0,225.58064516129033,7.0,4.0,Australia
352,4.0,3.0,2317.0,352.0,6.582386363636363,3.0,24.0,USA
353,24.0,16.0,637.0,169.0,3.769230769230769,3.0,17.0,Australia
354,6.0,11.0,6034.0,223.0,27.05829596412556,2.0,15.0,Australia
355,19.0,15.0,980.0,146.0,6.712328767123288,6.0,29.0,USA
356,5.0,8.0,2821.0,112.0,25.1875,5.0,24.0,USA
357,17.0,13.0,3563.0,284.0,12.545774647887324,1.0,10.0,UK
358,8.0,10.0,2996.0,139.0,21.553956834532375,3.0,15.0,USA
359,12.0,13.0,2436.0,309.0,7.883495145631068,2.0,8.0,Canada
360,0.0,21.0,1540.0,100.0,15.4,2.0,25.0,India
361,15.0,1.0,6916.0,42.0,164.66666666666666,5.0,3.0,USA
362,10.0,8.0,5509.0,24.0,229.54166666666666,6.0,14.0,USA
363,15.0,2.0,12992.0,83.0,156.53012048192772,8.0,9.0,India
364,23.0,16.0,3724.0,234.0,15.914529914529915,7.0,11.0,New Zealand
365,11.0,16.0,7133.0,118.0,60.44915254237288,1.0,14.0,UK
366,2.0,16.0,8617.0,46.0,187.32608695652175,2.0,24.0,Canada
367,23.0,11.0,9198.0,144.0,63.875,3.0,15.0,New Zealand
368,6.0,20.0,11823.0,47.0,251.5531914893617,4.0,25.0,New Zealand
369,9.0,5.0,5775.0,41.0,140.85365853658536,5.0,10.0,Australia
370,12.0,6.0,13125.0,275.0,47.72727272727273,6.0,23.0,Australia
371,4.0,3.0,14287.0,370.0,38.61351351351351,2.0,28.0,Canada
372,0.0,5.0,16233.0,138.0,117.6304347826087,5.0,25.0,USA
373,10.0,20.0,5313.0,215.0,24.711627906976744,2.0,22.0,New Zealand
374,2.0,14.0,3577.0,134.0,26.69402985074627,7.0,11.0,UK
375,12.0,6.0,3528.0,336.0,10.5,1.0,3.0,Canada
376,22.0,18.0,679.0,280.0,2.425,8.0,24.0,New Zealand
377,4.0,2.0,2450.0,352.0,6.9602272727272725,7.0,28.0,USA
378,0.0,17.0,10577.0,150.0,70.51333333333334,5.0,25.0,USA
379,7.0,1.0,2597.0,177.0,14.67231638418079,5.0,6.0,New Zealand
380,14.0,4.0,2219.0,142.0,15.626760563380282,1.0,28.0,India
381,12.0,15.0,11319.0,12.0,943.25,6.0,6.0,UK
382,0.0,20.0,5978.0,24.0,249.08333333333334,7.0,12.0,New Zealand
383,3.0,6.0,5327.0,183.0,29.10928961748634,8.0,5.0,Canada
384,0.0,15.0,6020.0,147.0,40.95238095238095,1.0,28.0,USA
385,11.0,6.0,5614.0,137.0,40.97810218978102,8.0,31.0,India
386,17.0,2.0,1736.0,13.0,133.53846153846155,4.0,19.0,USA
387,17.0,17.0,6384.0,2.0,3192.0,6.0,29.0,UK
388,4.0,19.0,3577.0,261.0,13.704980842911878,2.0,24.0,India
389,13.0,3.0,14539.0,84.0,173.08333333333334,3.0,4.0,UK
390,5.0,1.0,3493.0,68.0,51.36764705882353,6.0,21.0,India
391,22.0,5.0,994.0,105.0,9.466666666666667,1.0,26.0,Australia
392,6.0,0.0,4361.0,40.0,109.025,6.0,10.0,New Zealand
393,18.0,4.0,1554.0,65.0,23.907692307692308,5.0,23.0,UK
394,1.0,13.0,966.0,107.0,9.02803738317757,4.0,15.0,India
395,7.0,21.0,5334.0,227.0,23.497797356828194,1.0,31.0,New Zealand
396,18.0,5.0,4935.0,39.0,126.53846153846153,3.0,4.0,New Zealand
397,14.0,7.0,10024.0,84.0,119.33333333333333,4.0,19.0,New Zealand
398,4.0,11.0,2506.0,100.0,25.06,5.0,16.0,UK
399,6.0,10.0,1043.0,120.0,8.691666666666666,2.0,17.0,Australia
400,9.0,10.0,6524.0,257.0,25.3852140077821,1.0,18.0,USA
401,10.0,15.0,8148.0,85.0,95.85882352941177,2.0,9.0,Canada
402,17.0,15.0,3577.0,178.0,20.09550561797753,3.0,23.0,Canada
403,13.0,21.0,3374.0,151.0,22.344370860927153,2.0,1.0,New Zealand
404,17.0,4.0,3948.0,142.0,27.802816901408452,3.0,7.0,India
405,3.0,0.0,3269.0,226.0,14.464601769911505,1.0,3.0,UK
406,3.0,0.0,5271.0,341.0,15.457478005865102,2.0,11.0,USA
407,9.0,15.0,4571.0,140.0,32.65,3.0,16.0,New Zealand
408,21.0,0.0,12327.0,330.0,37.35454545454545,8.0,15.0,India
409,5.0,16.0,4935.0,73.0,67.6027397260274,5.0,12.0,India
410,2.0,6.0,6167.0,4.0,1541.75,4.0,11.0,India
411,19.0,17.0,18340.0,285.0,64.35087719298245,6.0,30.0,New Zealand
412,21.0,0.0,7014.0,60.0,116.9,6.0,15.0,New Zealand
413,22.0,21.0,7119.0,101.0,70.48514851485149,8.0,1.0,Canada
414,11.0,13.0,15491.0,58.0,267.08620689655174,6.0,15.0,USA
415,0.0,7.0,5747.0,45.0,127.71111111111111,6.0,16.0,India
416,6.0,10.0,4550.0,281.0,16.19217081850534,5.0,13.0,New Zealand
417,9.0,4.0,2191.0,138.0,15.876811594202898,5.0,10.0,USA
418,6.0,1.0,5663.0,322.0,17.58695652173913,8.0,25.0,India
419,3.0,5.0,7623.0,85.0,89.68235294117648,7.0,15.0,New Zealand
420,19.0,2.0,3402.0,182.0,18.692307692307693,6.0,14.0,Australia
421,3.0,5.0,7721.0,14.0,551.5,7.0,28.0,USA
422,0.0,17.0,5033.0,178.0,28.275280898876403,1.0,28.0,Canada
423,11.0,15.0,1960.0,191.0,10.261780104712042,6.0,29.0,UK
424,7.0,18.0,238.0,317.0,0.750788643533123,6.0,24.0,Australia
425,10.0,9.0,1736.0,137.0,12.671532846715328,2.0,25.0,USA
426,8.0,3.0,2660.0,12.0,221.66666666666666,8.0,1.0,Canada
427,6.0,13.0,7672.0,254.0,30.20472440944882,6.0,21.0,Australia
428,24.0,6.0,11564.0,24.0,481.8333333333333,1.0,25.0,New Zealand
429,5.0,13.0,1365.0,232.0,5.883620689655173,5.0,17.0,UK
430,18.0,14.0,4186.0,233.0,17.965665236051503,8.0,23.0,Australia
431,24.0,3.0,7406.0,118.0,62.76271186440678,3.0,3.0,Australia
432,7.0,4.0,112.0,223.0,0.5022421524663677,6.0,29.0,USA
433,18.0,5.0,8204.0,204.0,40.21568627450981,1.0,4.0,Canada
434,16.0,4.0,2611.0,65.0,40.16923076923077,1.0,14.0,Australia
435,7.0,17.0,15652.0,53.0,295.3207547169811,2.0,15.0,USA
436,13.0,0.0,12250.0,213.0,57.51173708920188,5.0,4.0,USA
437,18.0,6.0,2366.0,5.0,473.2,5.0,23.0,USA
438,14.0,8.0,1687.0,147.0,11.476190476190476,4.0,26.0,New Zealand
439,6.0,5.0,1232.0,74.0,16.64864864864865,7.0,5.0,Canada
440,13.0,5.0,6965.0,163.0,42.73006134969325,7.0,21.0,UK
441,21.0,17.0,5292.0,248.0,21.338709677419356,2.0,21.0,USA
442,1.0,15.0,1379.0,138.0,9.992753623188406,2.0,3.0,USA
443,5.0,21.0,8001.0,151.0,52.98675496688742,7.0,8.0,Australia
444,17.0,2.0,588.0,139.0,4.23021582733813,5.0,31.0,India
445,2.0,17.0,4046.0,103.0,39.28155339805825,6.0,27.0,New Zealand
446,2.0,2.0,5103.0,129.0,39.55813953488372,5.0,13.0,India
447,2.0,16.0,2317.0,102.0,22.715686274509803,5.0,31.0,USA
448,23.0,15.0,7042.0,37.0,190.32432432432432,2.0,28.0,USA
449,14.0,1.0,6713.0,31.0,216.5483870967742,3.0,28.0,New Zealand
450,5.0,7.0,1848.0,227.0,8.140969162995594,1.0,14.0,USA
451,14.0,17.0,6440.0,145.0,44.41379310344828,2.0,21.0,New Zealand
452,9.0,14.0,10885.0,90.0,120.94444444444444,8.0,1.0,Canada
453,4.0,3.0,2387.0,59.0,40.45762711864407,5.0,19.0,New Zealand
454,20.0,0.0,2030.0,60.0,33.833333333333336,7.0,13.0,USA
455,18.0,9.0,6678.0,148.0,45.12162162162162,4.0,20.0,Australia
456,9.0,14.0,4515.0,22.0,205.22727272727272,6.0,30.0,India
457,8.0,2.0,3374.0,142.0,23.760563380281692,3.0,8.0,UK
458,15.0,8.0,5852.0,93.0,62.924731182795696,3.0,9.0,USA
459,6.0,10.0,1750.0,208.0,8.413461538461538,6.0,16.0,Canada
460,5.0,4.0,5782.0,42.0,137.66666666666666,6.0,30.0,UK
461,1.0,17.0,2870.0,120.0,23.916666666666668,7.0,28.0,India
462,7.0,9.0,3094.0,159.0,19.459119496855347,8.0,12.0,Canada
463,14.0,17.0,3724.0,316.0,11.784810126582279,7.0,7.0,UK
464,14.0,14.0,12761.0,47.0,271.51063829787233,8.0,25.0,USA
465,20.0,1.0,3696.0,233.0,15.86266094420601,1.0,17.0,Canada
466,19.0,18.0,5222.0,384.0,13.598958333333334,3.0,4.0,Australia
467,12.0,8.0,8939.0,4.0,2234.75,8.0,25.0,New Zealand
468,3.0,9.0,2156.0,260.0,8.292307692307693,4.0,15.0,UK
469,11.0,5.0,2380.0,22.0,108.18181818181819,3.0,11.0,USA
470,24.0,10.0,3339.0,18.0,185.5,5.0,20.0,USA
471,0.0,16.0,14980.0,42.0,356.6666666666667,6.0,14.0,New Zealand
472,16.0,7.0,1512.0,73.0,20.71232876712329,4.0,14.0,New Zealand
473,16.0,3.0,6657.0,154.0,43.22727272727273,7.0,7.0,USA
474,13.0,17.0,3836.0,71.0,54.028169014084504,8.0,24.0,India
475,16.0,1.0,8771.0,127.0,69.06299212598425,2.0,24.0,India
476,7.0,10.0,651.0,224.0,2.90625,5.0,9.0,Canada
477,11.0,18.0,6706.0,223.0,30.071748878923767,2.0,8.0,Australia
478,10.0,18.0,1421.0,284.0,5.003521126760563,3.0,24.0,UK
479,22.0,4.0,8526.0,73.0,116.79452054794521,6.0,20.0,USA
480,17.0,16.0,1435.0,112.0,12.8125,3.0,7.0,Canada
481,11.0,8.0,7434.0,85.0,87.45882352941176,6.0,20.0,Australia
482,6.0,5.0,15316.0,270.0,56.72592592592593,2.0,17.0,New Zealand
483,13.0,12.0,10479.0,45.0,232.86666666666667,1.0,26.0,UK
484,13.0,17.0,2751.0,153.0,17.980392156862745,5.0,2.0,Australia
485,8.0,12.0,12586.0,7.0,1798.0,7.0,7.0,Canada
486,22.0,20.0,2786.0,51.0,54.627450980392155,8.0,22.0,Australia
487,7.0,7.0,2303.0,67.0,34.37313432835821,8.0,11.0,Australia
488,12.0,12.0,8113.0,194.0,41.81958762886598,1.0,13.0,UK
489,15.0,2.0,12271.0,116.0,105.78448275862068,3.0,2.0,Australia
490,12.0,19.0,11298.0,41.0,275.5609756097561,7.0,27.0,Australia
491,1.0,4.0,15855.0,111.0,142.83783783783784,3.0,10.0,New Zealand
492,4.0,14.0,12404.0,334.0,37.137724550898206,8.0,23.0,USA
493,10.0,1.0,3990.0,155.0,25.741935483870968,4.0,25.0,USA
494,23.0,5.0,4858.0,52.0,93.42307692307692,7.0,12.0,UK
495,13.0,15.0,7742.0,138.0,56.10144927536232,5.0,16.0,USA
496,15.0,3.0,3752.0,70.0,53.6,3.0,2.0,India
497,12.0,14.0,1218.0,149.0,8.174496644295303,5.0,30.0,New Zealand
498,12.0,16.0,10983.0,179.0,61.357541899441344,6.0,10.0,UK
499,0.0,12.0,6769.0,353.0,19.175637393767705,7.0,25.0,USA
500,4.0,17.0,4361.0,97.0,44.95876288659794,6.0,9.0,New Zealand
501,9.0,13.0,777.0,60.0,12.95,5.0,12.0,USA
502,15.0,4.0,3843.0,5.0,768.6,5.0,9.0,USA
503,0.0,16.0,6930.0,182.0,38.07692307692308,8.0,9.0,Canada
504,2.0,19.0,5733.0,114.0,50.28947368421053,4.0,13.0,India
505,18.0,21.0,8393.0,46.0,182.45652173913044,5.0,2.0,USA
506,21.0,12.0,3822.0,320.0,11.94375,8.0,9.0,USA
507,24.0,10.0,6342.0,178.0,35.62921348314607,8.0,23.0,Australia
508,15.0,6.0,6510.0,170.0,38.294117647058826,5.0,13.0,India
509,7.0,16.0,10171.0,67.0,151.80597014925374,2.0,1.0,USA
510,24.0,2.0,5908.0,301.0,19.627906976744185,6.0,23.0,USA
511,13.0,19.0,10164.0,134.0,75.85074626865672,5.0,24.0,UK
512,19.0,17.0,1064.0,211.0,5.042654028436019,4.0,1.0,Canada
513,24.0,18.0,9716.0,151.0,64.34437086092716,7.0,27.0,Canada
514,3.0,9.0,22050.0,208.0,106.00961538461539,1.0,27.0,India
515,19.0,19.0,2541.0,134.0,18.96268656716418,8.0,12.0,India
516,5.0,11.0,9989.0,49.0,203.85714285714286,2.0,1.0,Canada
517,22.0,7.0,4739.0,204.0,23.230392156862745,3.0,2.0,India
518,1.0,12.0,3185.0,34.0,93.67647058823529,6.0,30.0,Australia
519,21.0,6.0,8225.0,91.0,90.38461538461539,1.0,17.0,Australia
520,0.0,13.0,14301.0,130.0,110.00769230769231,7.0,7.0,USA
521,17.0,17.0,1316.0,107.0,12.299065420560748,1.0,31.0,New Zealand
522,4.0,12.0,3486.0,121.0,28.8099173553719,8.0,10.0,UK
523,4.0,9.0,13930.0,339.0,41.091445427728615,8.0,18.0,USA
524,0.0,0.0,5509.0,321.0,17.161993769470406,6.0,15.0,New Zealand
525,12.0,20.0,8470.0,9.0,941.1111111111111,1.0,26.0,USA
526,1.0,6.0,77.0,69.0,1.1159420289855073,4.0,29.0,USA
527,17.0,0.0,3381.0,72.0,46.958333333333336,3.0,3.0,Canada
528,11.0,11.0,4102.0,392.0,10.464285714285714,2.0,22.0,Australia
529,6.0,3.0,3577.0,158.0,22.639240506329113,3.0,4.0,USA
530,9.0,3.0,2975.0,9.0,330.55555555555554,7.0,7.0,India
531,24.0,21.0,4137.0,347.0,11.922190201729107,6.0,17.0,New Zealand
532,19.0,21.0,9541.0,114.0,83.69298245614036,8.0,2.0,Canada
533,6.0,20.0,8001.0,120.0,66.675,8.0,12.0,USA
534,13.0,9.0,5152.0,333.0,15.471471471471471,1.0,28.0,New Zealand
535,12.0,16.0,13076.0,236.0,55.40677966101695,4.0,5.0,Australia
536,11.0,16.0,10213.0,135.0,75.65185185185184,1.0,18.0,Canada
537,16.0,20.0,2485.0,97.0,25.61855670103093,5.0,16.0,UK
538,1.0,0.0,8715.0,168.0,51.875,8.0,24.0,Australia
539,8.0,14.0,273.0,402.0,0.6791044776119403,1.0,18.0,India
540,11.0,1.0,7623.0,10.0,762.3,8.0,22.0,USA
541,15.0,12.0,7.0,84.0,0.08333333333333333,3.0,7.0,UK
542,4.0,19.0,3010.0,69.0,43.6231884057971,3.0,4.0,UK
543,21.0,16.0,11550.0,111.0,104.05405405405405,4.0,22.0,Canada
544,11.0,13.0,4046.0,89.0,45.46067415730337,6.0,9.0,Australia
545,19.0,8.0,8904.0,199.0,44.743718592964825,7.0,25.0,Canada
546,19.0,3.0,11298.0,89.0,126.9438202247191,8.0,3.0,India
547,22.0,16.0,4396.0,131.0,33.55725190839695,8.0,3.0,Australia
548,16.0,13.0,12068.0,227.0,53.16299559471366,5.0,3.0,UK
549,20.0,7.0,9772.0,301.0,32.46511627906977,1.0,19.0,Canada
550,10.0,2.0,10458.0,316.0,33.09493670886076,2.0,11.0,USA
551,2.0,11.0,6426.0,390.0,16.476923076923075,6.0,14.0,India
552,1.0,2.0,6188.0,223.0,27.748878923766817,3.0,23.0,USA
553,13.0,14.0,7504.0,101.0,74.29702970297029,2.0,17.0,Canada
554,17.0,6.0,5439.0,287.0,18.951219512195124,6.0,29.0,Australia
555,3.0,19.0,15547.0,269.0,57.795539033457246,8.0,24.0,Canada
556,5.0,6.0,11956.0,277.0,43.16245487364621,7.0,4.0,Canada
557,10.0,11.0,2723.0,67.0,40.64179104477612,3.0,28.0,New Zealand
558,8.0,3.0,19327.0,135.0,143.16296296296295,4.0,19.0,India
559,3.0,17.0,9058.0,229.0,39.55458515283843,1.0,18.0,New Zealand
560,2.0,8.0,2996.0,88.0,34.04545454545455,1.0,17.0,New Zealand
561,18.0,17.0,8848.0,211.0,41.93364928909953,2.0,15.0,New Zealand
562,18.0,13.0,14336.0,293.0,48.9283276450512,2.0,11.0,UK
563,24.0,16.0,16401.0,179.0,91.62569832402235,3.0,21.0,USA
564,15.0,11.0,5173.0,129.0,40.10077519379845,1.0,5.0,New Zealand
565,0.0,10.0,6328.0,164.0,38.58536585365854,5.0,30.0,India
566,16.0,12.0,2534.0,219.0,11.570776255707763,1.0,4.0,USA
567,4.0,8.0,1435.0,258.0,5.562015503875969,4.0,22.0,Australia
568,5.0,13.0,3052.0,116.0,26.310344827586206,2.0,10.0,Canada
569,21.0,6.0,910.0,204.0,4.46078431372549,8.0,12.0,India
570,15.0,5.0,2331.0,321.0,7.261682242990654,8.0,10.0,USA
571,1.0,10.0,679.0,56.0,12.125,6.0,7.0,Australia
572,16.0,20.0,2086.0,74.0,28.18918918918919,6.0,6.0,India
573,7.0,20.0,5012.0,189.0,26.51851851851852,4.0,5.0,New Zealand
574,23.0,2.0,4501.0,131.0,34.3587786259542,4.0,18.0,USA
575,18.0,2.0,13482.0,15.0,898.8,1.0,31.0,India
576,13.0,20.0,5621.0,140.0,40.15,8.0,22.0,USA
577,16.0,12.0,10486.0,198.0,52.95959595959596,2.0,25.0,Australia
578,19.0,17.0,17626.0,103.0,171.126213592233,2.0,22.0,Australia
579,6.0,13.0,4494.0,187.0,24.032085561497325,1.0,12.0,New Zealand
580,0.0,11.0,105.0,125.0,0.84,5.0,25.0,UK
581,1.0,3.0,2464.0,8.0,308.0,2.0,1.0,India
582,22.0,1.0,1379.0,70.0,19.7,4.0,27.0,UK
583,5.0,3.0,2583.0,126.0,20.5,7.0,22.0,USA
584,8.0,17.0,3220.0,265.0,12.150943396226415,1.0,26.0,New Zealand
585,8.0,17.0,4802.0,296.0,16.222972972972972,8.0,24.0,USA
586,13.0,8.0,5677.0,21.0,270.3333333333333,1.0,18.0,New Zealand
587,7.0,14.0,945.0,83.0,11.385542168674698,3.0,30.0,India
588,3.0,21.0,8757.0,162.0,54.05555555555556,1.0,17.0,Australia
589,1.0,8.0,4816.0,145.0,33.213793103448275,2.0,17.0,USA
590,1.0,9.0,7532.0,44.0,171.1818181818182,4.0,8.0,Canada
591,5.0,4.0,3549.0,82.0,43.28048780487805,7.0,6.0,Canada
592,20.0,8.0,4340.0,226.0,19.20353982300885,4.0,4.0,India
593,19.0,5.0,1799.0,207.0,8.690821256038648,3.0,2.0,New Zealand
594,5.0,10.0,1127.0,176.0,6.403409090909091,8.0,9.0,New Zealand
595,9.0,13.0,10038.0,286.0,35.0979020979021,6.0,9.0,Australia
596,3.0,21.0,2926.0,300.0,9.753333333333334,6.0,2.0,UK
597,2.0,8.0,6279.0,235.0,26.719148936170214,7.0,5.0,USA
598,18.0,1.0,308.0,125.0,2.464,8.0,11.0,Canada
599,13.0,19.0,3500.0,145.0,24.137931034482758,2.0,11.0,India
600,1.0,6.0,658.0,65.0,10.123076923076923,8.0,11.0,New Zealand
601,10.0,4.0,12565.0,102.0,123.18627450980392,5.0,12.0,Australia
602,23.0,13.0,5012.0,93.0,53.89247311827957,7.0,15.0,USA
603,18.0,5.0,3955.0,134.0,29.51492537313433,1.0,18.0,India
604,13.0,8.0,8512.0,189.0,45.03703703703704,1.0,5.0,UK
605,8.0,2.0,504.0,232.0,2.1724137931034484,6.0,29.0,Australia
606,0.0,10.0,2800.0,45.0,62.22222222222222,6.0,14.0,Canada
607,15.0,17.0,4256.0,67.0,63.52238805970149,8.0,8.0,India
608,9.0,17.0,13573.0,138.0,98.35507246376811,3.0,23.0,India
609,14.0,21.0,6566.0,99.0,66.32323232323232,1.0,4.0,India
610,0.0,13.0,13503.0,251.0,53.79681274900398,2.0,22.0,India
611,4.0,6.0,8680.0,252.0,34.44444444444444,2.0,17.0,UK
612,14.0,11.0,385.0,78.0,4.935897435897436,2.0,3.0,USA
613,2.0,10.0,1267.0,130.0,9.746153846153845,3.0,17.0,Canada
614,23.0,20.0,2961.0,154.0,19.227272727272727,1.0,25.0,Australia
615,0.0,13.0,1981.0,52.0,38.09615384615385,7.0,27.0,Australia
616,20.0,8.0,7959.0,53.0,150.16981132075472,1.0,28.0,Australia
617,13.0,5.0,10794.0,50.0,215.88,7.0,5.0,Australia
618,2.0,0.0,1897.0,44.0,43.11363636363637,3.0,15.0,India
619,15.0,7.0,2744.0,200.0,13.72,8.0,4.0,Canada
620,19.0,8.0,4382.0,361.0,12.138504155124654,6.0,27.0,USA
621,19.0,7.0,4515.0,172.0,26.25,7.0,13.0,Canada
622,14.0,16.0,5474.0,239.0,22.90376569037657,2.0,24.0,New Zealand
623,7.0,14.0,6069.0,55.0,110.34545454545454,6.0,28.0,New Zealand
624,6.0,14.0,6944.0,27.0,257.18518518518516,6.0,30.0,Australia
625,8.0,19.0,5859.0,7.0,837.0,8.0,18.0,Canada
626,11.0,18.0,12173.0,301.0,40.44186046511628,1.0,24.0,India
627,4.0,0.0,5292.0,134.0,39.492537313432834,3.0,11.0,USA
628,3.0,7.0,5705.0,350.0,16.3,6.0,23.0,New Zealand
629,20.0,6.0,2492.0,33.0,75.51515151515152,8.0,22.0,India
630,15.0,2.0,3024.0,23.0,131.47826086956522,1.0,4.0,Canada
631,8.0,13.0,3437.0,201.0,17.09950248756219,4.0,5.0,India
632,4.0,13.0,1869.0,323.0,5.786377708978328,4.0,15.0,India
633,20.0,0.0,3171.0,220.0,14.413636363636364,5.0,11.0,Australia
634,19.0,15.0,1225.0,84.0,14.583333333333334,2.0,11.0,New Zealand
635,18.0,3.0,1155.0,79.0,14.620253164556962,7.0,8.0,Canada
636,15.0,10.0,6811.0,344.0,19.799418604651162,8.0,11.0,UK
637,20.0,7.0,6433.0,7.0,919.0,8.0,4.0,New Zealand
638,18.0,15.0,8169.0,88.0,92.82954545454545,6.0,14.0,New Zealand
639,9.0,20.0,2275.0,275.0,8.272727272727273,1.0,17.0,UK
640,16.0,3.0,1463.0,113.0,12.946902654867257,8.0,24.0,UK
641,18.0,21.0,7924.0,275.0,28.814545454545456,6.0,7.0,UK
642,19.0,0.0,8799.0,47.0,187.2127659574468,6.0,22.0,UK
643,21.0,8.0,2898.0,276.0,10.5,7.0,13.0,USA
644,1.0,19.0,9506.0,212.0,44.839622641509436,5.0,24.0,UK
645,15.0,7.0,7175.0,145.0,49.48275862068966,8.0,9.0,New Zealand
646,11.0,14.0,1729.0,31.0,55.774193548387096,4.0,6.0,Canada
647,19.0,16.0,1589.0,271.0,5.863468634686347,7.0,28.0,New Zealand
648,15.0,10.0,630.0,52.0,12.115384615384615,8.0,24.0,New Zealand
649,2.0,12.0,112.0,128.0,0.875,1.0,17.0,Australia
650,8.0,4.0,5187.0,142.0,36.528169014084504,2.0,7.0,USA
651,0.0,6.0,6223.0,256.0,24.30859375,5.0,9.0,Australia
652,17.0,14.0,7714.0,106.0,72.77358490566037,6.0,6.0,New Zealand
653,23.0,19.0,9457.0,6.0,1576.1666666666667,6.0,6.0,USA
654,4.0,5.0,6678.0,226.0,29.548672566371682,5.0,24.0,New Zealand
655,15.0,2.0,2107.0,121.0,17.41322314049587,1.0,13.0,UK
656,12.0,10.0,6069.0,151.0,40.19205298013245,5.0,23.0,USA
657,16.0,0.0,1862.0,284.0,6.556338028169014,6.0,29.0,UK
658,16.0,14.0,6972.0,89.0,78.33707865168539,3.0,11.0,New Zealand
659,22.0,3.0,3969.0,243.0,16.333333333333332,5.0,30.0,Australia
660,8.0,16.0,1547.0,170.0,9.1,5.0,23.0,India
661,17.0,9.0,1162.0,18.0,64.55555555555556,5.0,23.0,USA
662,2.0,9.0,6342.0,282.0,22.48936170212766,6.0,24.0,Canada
663,1.0,3.0,10633.0,277.0,38.38628158844765,3.0,11.0,New Zealand
664,22.0,3.0,15057.0,212.0,71.02358490566037,7.0,27.0,USA
665,22.0,0.0,4704.0,126.0,37.333333333333336,8.0,16.0,USA
666,10.0,3.0,9338.0,11.0,848.9090909090909,3.0,7.0,Canada
667,8.0,7.0,7959.0,30.0,265.3,4.0,5.0,New Zealand
668,24.0,14.0,9023.0,51.0,176.92156862745097,5.0,4.0,India
669,3.0,19.0,14525.0,92.0,157.8804347826087,1.0,4.0,USA
670,12.0,20.0,5810.0,101.0,57.524752475247524,1.0,13.0,Australia
671,23.0,8.0,6426.0,98.0,65.57142857142857,7.0,11.0,New Zealand
672,11.0,17.0,4403.0,159.0,27.69182389937107,5.0,17.0,Australia
673,24.0,9.0,1582.0,62.0,25.516129032258064,7.0,21.0,New Zealand
674,8.0,5.0,791.0,22.0,35.95454545454545,2.0,22.0,Canada
675,19.0,12.0,9100.0,187.0,48.663101604278076,5.0,23.0,India
676,22.0,4.0,9884.0,200.0,49.42,7.0,12.0,Canada
677,19.0,15.0,3780.0,201.0,18.80597014925373,6.0,15.0,UK
678,14.0,2.0,4557.0,308.0,14.795454545454545,6.0,23.0,New Zealand
679,8.0,1.0,5796.0,55.0,105.38181818181818,3.0,25.0,Australia
680,19.0,21.0,84.0,153.0,0.5490196078431373,7.0,4.0,India
681,18.0,0.0,9037.0,101.0,89.47524752475248,5.0,12.0,UK
682,24.0,10.0,4746.0,137.0,34.64233576642336,4.0,4.0,New Zealand
683,13.0,15.0,6713.0,398.0,16.866834170854272,4.0,15.0,Australia
684,10.0,1.0,6237.0,88.0,70.875,3.0,8.0,Canada
685,7.0,0.0,7483.0,232.0,32.25431034482759,1.0,17.0,India
686,23.0,17.0,1309.0,51.0,25.666666666666668,8.0,22.0,India
687,18.0,12.0,1155.0,66.0,17.5,7.0,25.0,UK
688,12.0,2.0,2989.0,124.0,24.10483870967742,6.0,14.0,UK
689,3.0,19.0,9625.0,78.0,123.3974358974359,4.0,5.0,India
690,13.0,10.0,7357.0,341.0,21.574780058651026,8.0,26.0,UK
691,23.0,2.0,10031.0,114.0,87.99122807017544,8.0,3.0,Australia
692,5.0,0.0,6587.0,4.0,1646.75,7.0,11.0,Canada
693,23.0,1.0,3311.0,22.0,150.5,3.0,11.0,New Zealand
694,0.0,9.0,15330.0,30.0,511.0,1.0,10.0,UK
695,10.0,20.0,14028.0,351.0,39.965811965811966,4.0,4.0,UK
696,12.0,5.0,8624.0,50.0,172.48,7.0,8.0,New Zealand
697,19.0,5.0,1197.0,356.0,3.3623595505617976,4.0,12.0,UK
698,22.0,8.0,483.0,185.0,2.610810810810811,8.0,24.0,Canada
699,3.0,19.0,1687.0,236.0,7.148305084745763,6.0,7.0,UK
700,15.0,11.0,1309.0,30.0,43.63333333333333,7.0,28.0,Canada
701,20.0,12.0,9534.0,111.0,85.89189189189189,2.0,21.0,USA
702,9.0,17.0,1694.0,289.0,5.86159169550173,4.0,8.0,Canada
703,0.0,16.0,70.0,103.0,0.6796116504854369,6.0,28.0,UK
704,2.0,20.0,2443.0,20.0,122.15,3.0,24.0,UK
705,14.0,21.0,2933.0,55.0,53.32727272727273,7.0,29.0,Australia
706,9.0,1.0,2044.0,90.0,22.711111111111112,5.0,25.0,USA
707,5.0,10.0,6524.0,303.0,21.53135313531353,3.0,30.0,Australia
708,9.0,5.0,12656.0,126.0,100.44444444444444,7.0,18.0,USA
709,4.0,15.0,8722.0,109.0,80.01834862385321,5.0,10.0,Canada
710,17.0,19.0,15750.0,92.0,171.19565217391303,3.0,18.0,Australia
711,3.0,21.0,6839.0,56.0,122.125,6.0,15.0,India
712,2.0,2.0,13685.0,58.0,235.94827586206895,5.0,12.0,Canada
713,1.0,20.0,2912.0,110.0,26.472727272727273,6.0,23.0,New Zealand
714,4.0,6.0,3339.0,171.0,19.526315789473685,4.0,21.0,India
715,5.0,11.0,910.0,117.0,7.777777777777778,8.0,17.0,Australia
716,22.0,1.0,19481.0,51.0,381.98039215686276,2.0,7.0,New Zealand
717,1.0,3.0,8099.0,118.0,68.63559322033899,3.0,17.0,Canada
718,19.0,20.0,13727.0,79.0,173.7594936708861,8.0,1.0,India
719,16.0,13.0,8659.0,29.0,298.58620689655174,3.0,18.0,Australia
720,5.0,8.0,5782.0,103.0,56.13592233009709,6.0,14.0,Canada
721,4.0,1.0,8463.0,155.0,54.6,4.0,22.0,UK
722,12.0,1.0,4914.0,31.0,158.51612903225808,1.0,18.0,New Zealand
723,20.0,12.0,3087.0,128.0,24.1171875,8.0,26.0,Australia
724,8.0,18.0,2303.0,7.0,329.0,1.0,31.0,Canada
725,1.0,16.0,1358.0,106.0,12.81132075471698,4.0,8.0,New Zealand
726,21.0,20.0,3605.0,68.0,53.01470588235294,6.0,7.0,Australia
727,14.0,14.0,8498.0,44.0,193.13636363636363,2.0,10.0,Australia
728,2.0,2.0,644.0,137.0,4.700729927007299,7.0,13.0,Australia
729,6.0,16.0,4340.0,86.0,50.46511627906977,7.0,25.0,USA
730,2.0,19.0,2282.0,296.0,7.70945945945946,8.0,19.0,Canada
731,1.0,8.0,826.0,149.0,5.543624161073826,6.0,20.0,Canada
732,24.0,12.0,203.0,207.0,0.9806763285024155,8.0,2.0,India
733,13.0,18.0,13356.0,93.0,143.61290322580646,2.0,22.0,New Zealand
734,17.0,15.0,6510.0,23.0,283.04347826086956,2.0,1.0,New Zealand
735,19.0,18.0,5894.0,305.0,19.324590163934428,2.0,14.0,Canada
736,1.0,13.0,7910.0,125.0,63.28,2.0,24.0,Australia
737,9.0,15.0,784.0,129.0,6.077519379844961,3.0,18.0,India
738,20.0,1.0,1750.0,252.0,6.944444444444445,8.0,30.0,UK
739,5.0,9.0,280.0,75.0,3.7333333333333334,5.0,9.0,USA
740,23.0,3.0,504.0,87.0,5.793103448275862,1.0,18.0,USA
741,8.0,0.0,7154.0,342.0,20.91812865497076,7.0,4.0,India
742,6.0,6.0,1617.0,13.0,124.38461538461539,6.0,3.0,New Zealand
743,4.0,9.0,10822.0,30.0,360.73333333333335,2.0,23.0,New Zealand
744,21.0,12.0,10724.0,203.0,52.827586206896555,5.0,9.0,New Zealand
745,1.0,18.0,3640.0,106.0,34.339622641509436,6.0,6.0,India
746,1.0,4.0,7532.0,234.0,32.18803418803419,7.0,4.0,India
747,0.0,4.0,1582.0,100.0,15.82,6.0,6.0,New Zealand
748,21.0,11.0,1456.0,91.0,16.0,5.0,13.0,Australia
749,23.0,5.0,2016.0,277.0,7.277978339350181,1.0,31.0,New Zealand
750,3.0,21.0,7588.0,42.0,180.66666666666666,6.0,30.0,New Zealand
751,14.0,16.0,3402.0,249.0,13.662650602409638,8.0,25.0,Canada
752,5.0,3.0,700.0,97.0,7.216494845360825,1.0,10.0,New Zealand
753,0.0,16.0,1904.0,8.0,238.0,8.0,22.0,USA
754,10.0,14.0,4844.0,275.0,17.614545454545453,4.0,14.0,New Zealand
755,6.0,3.0,9625.0,313.0,30.750798722044728,5.0,31.0,UK
756,6.0,10.0,4599.0,323.0,14.238390092879257,4.0,8.0,UK
757,10.0,4.0,3003.0,155.0,19.374193548387098,2.0,21.0,USA
758,18.0,16.0,9744.0,377.0,25.846153846153847,3.0,30.0,Australia
759,17.0,10.0,1400.0,2.0,700.0,3.0,2.0,India
760,16.0,15.0,364.0,170.0,2.1411764705882352,7.0,28.0,USA
761,11.0,18.0,7231.0,38.0,190.28947368421052,3.0,24.0,New Zealand
762,8.0,7.0,63.0,105.0,0.6,8.0,11.0,Australia
763,20.0,11.0,8309.0,166.0,50.05421686746988,5.0,17.0,UK
764,11.0,19.0,3164.0,164.0,19.29268292682927,5.0,18.0,Canada
765,10.0,9.0,5691.0,171.0,33.280701754385966,8.0,17.0,UK
766,3.0,1.0,490.0,49.0,10.0,4.0,4.0,New Zealand
767,0.0,14.0,18032.0,205.0,87.9609756097561,8.0,9.0,India
768,0.0,5.0,637.0,313.0,2.0351437699680512,1.0,17.0,New Zealand
769,18.0,0.0,4067.0,29.0,140.24137931034483,2.0,14.0,Canada
770,5.0,15.0,8204.0,307.0,26.72312703583062,5.0,16.0,New Zealand
771,3.0,3.0,9870.0,121.0,81.5702479338843,3.0,16.0,Canada
772,20.0,18.0,5131.0,285.0,18.003508771929823,1.0,31.0,Canada
773,14.0,5.0,1141.0,205.0,5.565853658536585,3.0,10.0,Canada
774,6.0,5.0,7980.0,157.0,50.82802547770701,6.0,30.0,UK
775,2.0,1.0,5229.0,182.0,28.73076923076923,3.0,1.0,New Zealand
776,17.0,4.0,3423.0,100.0,34.23,5.0,27.0,UK
777,6.0,13.0,6468.0,223.0,29.004484304932735,7.0,11.0,UK
778,7.0,17.0,4326.0,61.0,70.91803278688525,3.0,2.0,New Zealand
779,16.0,10.0,7154.0,133.0,53.78947368421053,3.0,4.0,USA
780,1.0,14.0,3997.0,228.0,17.530701754385966,6.0,23.0,UK
781,1.0,11.0,5180.0,233.0,22.23175965665236,1.0,27.0,USA
782,9.0,8.0,952.0,24.0,39.666666666666664,7.0,29.0,India
783,14.0,20.0,10969.0,170.0,64.52352941176471,2.0,3.0,Canada
784,0.0,3.0,5964.0,26.0,229.3846153846154,5.0,27.0,India
785,19.0,4.0,2821.0,24.0,117.54166666666667,2.0,18.0,Australia
786,0.0,6.0,1302.0,33.0,39.45454545454545,1.0,28.0,India
787,2.0,1.0,5474.0,109.0,50.22018348623853,6.0,29.0,UK
788,23.0,21.0,4179.0,276.0,15.141304347826088,1.0,13.0,India
789,16.0,7.0,1946.0,164.0,11.865853658536585,6.0,27.0,UK
790,14.0,0.0,4291.0,1.0,4291.0,3.0,29.0,Canada
791,15.0,5.0,7196.0,160.0,44.975,6.0,3.0,India
792,17.0,3.0,1939.0,98.0,19.785714285714285,3.0,21.0,Canada
793,17.0,1.0,10437.0,46.0,226.8913043478261,4.0,12.0,India
794,22.0,10.0,6916.0,259.0,26.7027027027027,1.0,19.0,Australia
795,7.0,2.0,3647.0,310.0,11.764516129032257,4.0,6.0,UK
796,11.0,2.0,8995.0,78.0,115.32051282051282,8.0,2.0,Australia
797,5.0,1.0,7252.0,136.0,53.3235294117647,4.0,12.0,Australia
798,6.0,4.0,16380.0,130.0,126.0,7.0,21.0,India
799,2.0,20.0,9660.0,24.0,402.5,3.0,22.0,New Zealand
800,20.0,9.0,4522.0,5.0,904.4,5.0,9.0,India
801,18.0,20.0,329.0,109.0,3.018348623853211,8.0,9.0,Australia
802,13.0,19.0,3458.0,294.0,11.761904761904763,7.0,20.0,Canada
803,16.0,0.0,4627.0,136.0,34.02205882352941,1.0,25.0,Canada
804,18.0,11.0,3192.0,175.0,18.24,4.0,25.0,Australia
805,21.0,7.0,252.0,237.0,1.0632911392405062,1.0,17.0,Canada
806,7.0,1.0,868.0,125.0,6.944,8.0,15.0,USA
807,7.0,8.0,210.0,16.0,13.125,6.0,2.0,Canada
808,15.0,14.0,7007.0,135.0,51.903703703703705,6.0,30.0,USA
809,21.0,10.0,5845.0,91.0,64.23076923076923,2.0,10.0,New Zealand
810,9.0,5.0,8428.0,216.0,39.01851851851852,1.0,27.0,India
811,24.0,17.0,4977.0,317.0,15.700315457413248,5.0,26.0,UK
812,0.0,18.0,1694.0,21.0,80.66666666666667,4.0,14.0,USA
813,13.0,12.0,4326.0,154.0,28.09090909090909,8.0,1.0,Australia
814,17.0,1.0,9527.0,222.0,42.914414414414416,8.0,22.0,Australia
815,12.0,12.0,10766.0,157.0,68.5732484076433,7.0,22.0,India
816,20.0,8.0,1288.0,27.0,47.7037037037037,4.0,28.0,USA
817,1.0,11.0,4879.0,350.0,13.94,5.0,30.0,Australia
818,3.0,13.0,2408.0,157.0,15.337579617834395,7.0,21.0,USA
819,0.0,18.0,7231.0,130.0,55.62307692307692,6.0,15.0,New Zealand
820,6.0,14.0,8981.0,130.0,69.08461538461539,7.0,5.0,India
821,5.0,18.0,1372.0,105.0,13.066666666666666,8.0,18.0,Australia
822,19.0,2.0,5250.0,293.0,17.918088737201366,1.0,12.0,UK
823,15.0,0.0,7560.0,15.0,504.0,8.0,11.0,Canada
824,16.0,6.0,5012.0,384.0,13.052083333333334,1.0,13.0,Australia
825,20.0,20.0,3038.0,135.0,22.503703703703703,4.0,29.0,UK
826,22.0,7.0,1099.0,92.0,11.945652173913043,7.0,7.0,New Zealand
827,13.0,17.0,7413.0,4.0,1853.25,3.0,11.0,New Zealand
828,13.0,18.0,5397.0,239.0,22.581589958158997,2.0,16.0,UK
829,14.0,5.0,2303.0,33.0,69.78787878787878,1.0,7.0,Australia
830,4.0,1.0,10325.0,147.0,70.23809523809524,6.0,9.0,India
831,18.0,1.0,2149.0,84.0,25.583333333333332,5.0,16.0,India
832,5.0,14.0,12362.0,94.0,131.51063829787233,6.0,23.0,UK
833,10.0,10.0,12635.0,194.0,65.12886597938144,1.0,28.0,UK
834,21.0,17.0,2443.0,216.0,11.310185185185185,7.0,14.0,UK
835,14.0,4.0,6237.0,247.0,25.251012145748987,4.0,18.0,Canada
836,6.0,13.0,1736.0,79.0,21.974683544303797,6.0,14.0,USA
837,6.0,15.0,7315.0,237.0,30.864978902953588,4.0,15.0,UK
838,8.0,9.0,4935.0,63.0,78.33333333333333,5.0,19.0,Canada
839,5.0,0.0,1393.0,172.0,8.098837209302326,4.0,13.0,India
840,23.0,19.0,2933.0,233.0,12.587982832618026,8.0,22.0,India
841,23.0,20.0,3836.0,59.0,65.01694915254237,4.0,22.0,New Zealand
842,11.0,19.0,8022.0,123.0,65.21951219512195,8.0,3.0,UK
843,9.0,5.0,371.0,229.0,1.6200873362445414,1.0,4.0,New Zealand
844,1.0,7.0,16702.0,198.0,84.35353535353535,1.0,13.0,Canada
845,2.0,20.0,13258.0,32.0,414.3125,5.0,11.0,Australia
846,20.0,9.0,2058.0,236.0,8.720338983050848,2.0,16.0,New Zealand
847,11.0,21.0,10192.0,67.0,152.11940298507463,5.0,20.0,UK
848,4.0,16.0,9835.0,167.0,58.89221556886228,5.0,6.0,India
849,15.0,19.0,5775.0,135.0,42.77777777777778,6.0,30.0,UK
850,15.0,3.0,749.0,148.0,5.0608108108108105,3.0,22.0,UK
851,24.0,15.0,7770.0,54.0,143.88888888888889,2.0,17.0,Canada
852,16.0,14.0,5502.0,64.0,85.96875,7.0,7.0,UK
853,6.0,18.0,6223.0,181.0,34.38121546961326,3.0,16.0,UK
854,1.0,12.0,3507.0,114.0,30.763157894736842,8.0,12.0,UK
855,5.0,7.0,5600.0,181.0,30.939226519337016,1.0,21.0,New Zealand
856,6.0,2.0,721.0,151.0,4.774834437086093,5.0,6.0,Australia
857,6.0,2.0,6615.0,137.0,48.284671532846716,6.0,24.0,Canada
858,14.0,0.0,7420.0,163.0,45.52147239263804,5.0,5.0,USA
859,22.0,12.0,3164.0,84.0,37.666666666666664,3.0,25.0,New Zealand
860,8.0,21.0,9114.0,140.0,65.1,2.0,14.0,Australia
861,8.0,14.0,5404.0,187.0,28.898395721925134,5.0,12.0,New Zealand
862,14.0,3.0,3990.0,169.0,23.609467455621303,1.0,25.0,New Zealand
863,3.0,14.0,14924.0,12.0,1243.6666666666667,6.0,28.0,UK
864,9.0,4.0,7091.0,194.0,36.55154639175258,7.0,13.0,Australia
865,10.0,13.0,2807.0,252.0,11.13888888888889,5.0,16.0,USA
866,19.0,7.0,6496.0,168.0,38.666666666666664,3.0,14.0,India
867,15.0,7.0,3738.0,261.0,14.32183908045977,8.0,15.0,USA
868,3.0,15.0,1190.0,256.0,4.6484375,2.0,16.0,India
869,17.0,16.0,8379.0,43.0,194.86046511627907,6.0,15.0,UK
870,14.0,10.0,9268.0,100.0,92.68,5.0,27.0,Australia
871,23.0,4.0,1029.0,98.0,10.5,6.0,14.0,USA
872,23.0,1.0,3549.0,76.0,46.69736842105263,2.0,25.0,India
873,23.0,7.0,12026.0,262.0,45.900763358778626,8.0,4.0,India
874,1.0,12.0,2303.0,244.0,9.438524590163935,6.0,28.0,India
875,15.0,6.0,13405.0,12.0,1117.0833333333333,4.0,5.0,Canada
876,13.0,9.0,14763.0,113.0,130.64601769911505,7.0,5.0,Canada
877,11.0,1.0,12894.0,48.0,268.625,1.0,20.0,New Zealand
878,3.0,4.0,8302.0,131.0,63.37404580152672,2.0,16.0,New Zealand
879,8.0,4.0,455.0,174.0,2.6149425287356323,7.0,12.0,UK
880,1.0,10.0,8183.0,254.0,32.21653543307087,6.0,16.0,India
881,21.0,19.0,1645.0,284.0,5.792253521126761,4.0,13.0,Australia
882,11.0,2.0,3143.0,67.0,46.91044776119403,2.0,21.0,UK
883,10.0,19.0,5873.0,249.0,23.586345381526105,5.0,11.0,Canada
884,3.0,2.0,11298.0,313.0,36.09584664536741,4.0,15.0,India
885,6.0,9.0,12425.0,167.0,74.40119760479043,6.0,7.0,Canada
886,6.0,0.0,1715.0,286.0,5.996503496503497,6.0,27.0,UK
887,14.0,7.0,8190.0,109.0,75.13761467889908,7.0,29.0,India
888,23.0,3.0,4991.0,166.0,30.066265060240966,6.0,2.0,Canada
889,22.0,17.0,15491.0,85.0,182.24705882352941,1.0,26.0,India
890,22.0,12.0,5096.0,142.0,35.88732394366197,3.0,2.0,Canada
891,2.0,18.0,7063.0,104.0,67.91346153846153,1.0,10.0,Australia
892,4.0,18.0,2275.0,115.0,19.782608695652176,6.0,27.0,USA
893,14.0,15.0,7602.0,18.0,422.3333333333333,6.0,30.0,Canada
894,10.0,14.0,4200.0,80.0,52.5,7.0,8.0,Australia
895,6.0,6.0,11137.0,88.0,126.55681818181819,6.0,8.0,India
896,19.0,16.0,3388.0,212.0,15.981132075471699,8.0,18.0,UK
897,11.0,7.0,6832.0,306.0,22.326797385620914,4.0,8.0,Australia
898,23.0,8.0,3437.0,181.0,18.988950276243095,8.0,8.0,Canada
899,23.0,13.0,301.0,65.0,4.630769230769231,8.0,26.0,UK
900,6.0,8.0,1869.0,158.0,11.829113924050633,1.0,14.0,Canada
901,9.0,20.0,17465.0,271.0,64.44649446494465,8.0,11.0,USA
902,13.0,11.0,10143.0,24.0,422.625,5.0,31.0,USA
903,2.0,2.0,3626.0,10.0,362.6,7.0,11.0,New Zealand
904,7.0,21.0,3346.0,304.0,11.006578947368421,3.0,2.0,Canada
905,13.0,10.0,6321.0,88.0,71.82954545454545,7.0,13.0,Australia
906,22.0,6.0,9345.0,133.0,70.26315789473684,8.0,3.0,UK
907,8.0,9.0,15008.0,165.0,90.95757575757575,3.0,1.0,UK
908,1.0,0.0,7609.0,150.0,50.72666666666667,4.0,13.0,New Zealand
909,4.0,8.0,10332.0,180.0,57.4,2.0,14.0,Canada
910,17.0,0.0,819.0,213.0,3.8450704225352115,7.0,26.0,India
911,0.0,4.0,5754.0,133.0,43.26315789473684,1.0,27.0,UK
912,6.0,11.0,6440.0,141.0,45.673758865248224,5.0,19.0,USA
913,20.0,1.0,4956.0,58.0,85.44827586206897,2.0,9.0,India
914,0.0,6.0,2352.0,58.0,40.55172413793103,5.0,25.0,UK
915,6.0,16.0,3906.0,76.0,51.39473684210526,1.0,26.0,Australia
916,4.0,0.0,1813.0,296.0,6.125,7.0,4.0,India
917,3.0,11.0,11788.0,73.0,161.4794520547945,4.0,13.0,India
918,5.0,3.0,5768.0,119.0,48.470588235294116,1.0,25.0,Australia
919,24.0,14.0,2401.0,78.0,30.78205128205128,4.0,25.0,USA
920,24.0,1.0,4515.0,392.0,11.517857142857142,6.0,10.0,USA
921,13.0,0.0,10794.0,51.0,211.64705882352942,8.0,22.0,New Zealand
922,2.0,7.0,13706.0,207.0,66.21256038647343,6.0,27.0,India
923,20.0,15.0,4361.0,40.0,109.025,6.0,30.0,India
924,16.0,11.0,10122.0,100.0,101.22,8.0,30.0,India
925,7.0,10.0,994.0,57.0,17.43859649122807,8.0,23.0,Australia
926,24.0,12.0,2268.0,42.0,54.0,8.0,26.0,New Zealand
927,5.0,15.0,574.0,156.0,3.6794871794871793,3.0,9.0,Australia
928,1.0,4.0,1792.0,23.0,77.91304347826087,4.0,20.0,UK
929,20.0,5.0,938.0,158.0,5.936708860759493,2.0,8.0,Australia
930,0.0,0.0,4879.0,22.0,221.77272727272728,8.0,25.0,Australia
931,21.0,9.0,9107.0,73.0,124.75342465753425,2.0,16.0,India
932,9.0,12.0,12187.0,27.0,451.3703703703704,5.0,30.0,UK
933,5.0,2.0,5670.0,64.0,88.59375,6.0,29.0,New Zealand
934,5.0,13.0,476.0,133.0,3.5789473684210527,6.0,16.0,USA
935,0.0,21.0,2681.0,149.0,17.993288590604028,3.0,4.0,UK
936,8.0,2.0,9765.0,85.0,114.88235294117646,1.0,27.0,New Zealand
937,4.0,4.0,994.0,118.0,8.423728813559322,7.0,5.0,Canada
938,14.0,21.0,3318.0,299.0,11.096989966555183,3.0,29.0,USA
939,17.0,11.0,4214.0,35.0,120.4,5.0,12.0,Canada
940,6.0,4.0,7714.0,44.0,175.3181818181818,3.0,11.0,USA
941,0.0,1.0,4690.0,299.0,15.68561872909699,7.0,11.0,New Zealand
942,15.0,19.0,13062.0,62.0,210.67741935483872,8.0,1.0,New Zealand
943,15.0,6.0,12488.0,200.0,62.44,2.0,16.0,UK
944,8.0,7.0,14147.0,235.0,60.2,4.0,13.0,USA
945,6.0,19.0,49.0,363.0,0.1349862258953168,2.0,14.0,India
946,3.0,9.0,10199.0,68.0,149.98529411764707,3.0,14.0,Australia
947,6.0,6.0,11389.0,26.0,438.03846153846155,4.0,26.0,Australia
948,16.0,16.0,3584.0,200.0,17.92,4.0,5.0,Canada
949,24.0,4.0,12481.0,264.0,47.27651515151515,3.0,3.0,Canada
950,11.0,6.0,2107.0,175.0,12.04,6.0,13.0,USA
951,12.0,18.0,8603.0,352.0,24.44034090909091,2.0,14.0,New Zealand
952,10.0,12.0,7483.0,183.0,40.89071038251366,4.0,18.0,New Zealand
953,21.0,15.0,2030.0,146.0,13.904109589041095,8.0,4.0,New Zealand
954,18.0,11.0,6559.0,158.0,41.5126582278481,4.0,5.0,New Zealand
955,7.0,12.0,10822.0,168.0,64.41666666666667,1.0,26.0,Australia
956,11.0,7.0,18697.0,176.0,106.23295454545455,1.0,21.0,UK
957,11.0,7.0,5845.0,172.0,33.98255813953488,8.0,22.0,Canada
958,11.0,4.0,2317.0,224.0,10.34375,1.0,27.0,UK
959,22.0,2.0,10150.0,68.0,149.26470588235293,2.0,16.0,UK
960,21.0,10.0,3437.0,46.0,74.71739130434783,1.0,3.0,USA
961,7.0,0.0,4592.0,2.0,2296.0,8.0,24.0,USA
962,17.0,3.0,4158.0,109.0,38.14678899082569,2.0,11.0,Australia
963,11.0,5.0,5684.0,81.0,70.17283950617283,3.0,29.0,Canada
964,12.0,9.0,693.0,350.0,1.98,6.0,15.0,USA
965,9.0,3.0,546.0,142.0,3.8450704225352115,4.0,26.0,UK
966,0.0,5.0,4263.0,264.0,16.147727272727273,7.0,15.0,Australia
967,4.0,5.0,1036.0,20.0,51.8,6.0,23.0,India
968,4.0,2.0,2499.0,271.0,9.22140221402214,2.0,9.0,UK
969,2.0,11.0,10689.0,204.0,52.39705882352941,6.0,6.0,UK
970,21.0,21.0,5768.0,235.0,24.54468085106383,8.0,10.0,UK
971,23.0,3.0,2226.0,46.0,48.391304347826086,1.0,4.0,Australia
972,18.0,18.0,10262.0,15.0,684.1333333333333,4.0,8.0,Canada
973,16.0,7.0,5250.0,47.0,111.70212765957447,2.0,14.0,Australia
974,20.0,7.0,3507.0,380.0,9.228947368421053,7.0,5.0,UK
975,8.0,17.0,8155.0,96.0,84.94791666666667,3.0,3.0,India
976,16.0,13.0,2478.0,188.0,13.180851063829786,5.0,18.0,New Zealand
977,15.0,21.0,2471.0,202.0,12.232673267326733,7.0,28.0,India
978,8.0,16.0,1666.0,106.0,15.716981132075471,2.0,7.0,UK
979,17.0,10.0,8400.0,27.0,311.1111111111111,4.0,25.0,Australia
980,4.0,14.0,6139.0,45.0,136.42222222222222,2.0,16.0,Canada
981,1.0,4.0,1288.0,60.0,21.466666666666665,5.0,4.0,Australia
982,2.0,18.0,7077.0,77.0,91.9090909090909,6.0,2.0,Canada
983,4.0,6.0,63.0,60.0,1.05,6.0,7.0,New Zealand
984,19.0,11.0,9744.0,157.0,62.06369426751592,7.0,6.0,UK
985,20.0,10.0,9954.0,154.0,64.63636363636364,6.0,15.0,India
986,21.0,17.0,1260.0,239.0,5.2719665271966525,4.0,14.0,India
987,24.0,4.0,469.0,163.0,2.8773006134969323,8.0,8.0,India
988,12.0,4.0,973.0,28.0,34.75,3.0,29.0,UK
989,10.0,5.0,3647.0,76.0,47.98684210526316,7.0,4.0,Australia
990,3.0,12.0,455.0,96.0,4.739583333333333,2.0,16.0,India
991,22.0,6.0,2520.0,156.0,16.153846153846153,5.0,2.0,Canada
992,2.0,1.0,10500.0,106.0,99.05660377358491,7.0,21.0,India
993,15.0,12.0,7952.0,235.0,33.838297872340426,8.0,18.0,Australia
994,11.0,14.0,483.0,259.0,1.864864864864865,6.0,22.0,USA
995,24.0,9.0,4872.0,126.0,38.666666666666664,7.0,19.0,UK
996,13.0,9.0,7756.0,85.0,91.24705882352941,8.0,12.0,UK
997,13.0,19.0,5446.0,132.0,41.25757575757576,6.0,7.0,USA
998,12.0,9.0,6594.0,91.0,72.46153846153847,3.0,8.0,Canada
999,3.0,19.0,1470.0,167.0,8.802395209580839,4.0,8.0,Australia
1000,8.0,1.0,721.0,203.0,3.5517241379310347,5.0,6.0,Canada
1001,10.0,4.0,4494.0,11.0,408.54545454545456,5.0,31.0,India
1002,2.0,17.0,2674.0,295.0,9.064406779661017,1.0,13.0,Australia
1003,9.0,18.0,658.0,77.0,8.545454545454545,3.0,15.0,USA
1004,18.0,9.0,1127.0,319.0,3.5329153605015673,2.0,16.0,Canada
1005,5.0,18.0,7364.0,196.0,37.57142857142857,1.0,14.0,USA
1006,22.0,0.0,6818.0,102.0,66.84313725490196,3.0,21.0,Australia
1007,10.0,4.0,6776.0,312.0,21.71794871794872,5.0,17.0,Canada
1008,24.0,14.0,15099.0,55.0,274.5272727272727,8.0,8.0,New Zealand
1009,13.0,13.0,3612.0,82.0,44.048780487804876,4.0,26.0,Canada
1010,13.0,18.0,3710.0,260.0,14.26923076923077,4.0,15.0,Australia
1011,9.0,4.0,2702.0,24.0,112.58333333333333,1.0,10.0,Canada
1012,17.0,7.0,483.0,228.0,2.1184210526315788,5.0,4.0,New Zealand
1013,10.0,0.0,5887.0,268.0,21.96641791044776,4.0,5.0,Canada
1014,18.0,7.0,952.0,68.0,14.0,1.0,17.0,India
1015,10.0,6.0,10647.0,173.0,61.543352601156066,3.0,22.0,India
1016,21.0,0.0,6055.0,93.0,65.10752688172043,7.0,5.0,Australia
1017,6.0,15.0,8757.0,338.0,25.90828402366864,4.0,27.0,Canada
1018,11.0,11.0,6055.0,73.0,82.94520547945206,8.0,12.0,Canada
1019,19.0,20.0,721.0,251.0,2.8725099601593627,3.0,11.0,UK
1020,16.0,8.0,8589.0,229.0,37.506550218340614,5.0,13.0,UK
1021,9.0,3.0,11781.0,91.0,129.46153846153845,5.0,12.0,USA
1022,0.0,10.0,672.0,194.0,3.463917525773196,1.0,12.0,USA
1023,13.0,13.0,12558.0,403.0,31.161290322580644,3.0,29.0,New Zealand
1024,10.0,2.0,8337.0,12.0,694.75,3.0,14.0,India
1025,14.0,12.0,8134.0,195.0,41.712820512820514,5.0,24.0,New Zealand
1026,9.0,5.0,8491.0,75.0,113.21333333333334,1.0,28.0,Canada
1027,4.0,11.0,3066.0,96.0,31.9375,5.0,24.0,India
1028,0.0,9.0,301.0,205.0,1.4682926829268292,8.0,19.0,Australia
1029,7.0,6.0,4410.0,323.0,13.653250773993808,5.0,17.0,Australia
1030,16.0,0.0,6559.0,119.0,55.11764705882353,6.0,7.0,USA
1031,3.0,5.0,574.0,217.0,2.6451612903225805,7.0,26.0,Canada
1032,21.0,1.0,2086.0,384.0,5.432291666666667,7.0,28.0,India
1033,7.0,18.0,5075.0,344.0,14.752906976744185,5.0,23.0,India
